Workbook

Sheet Resumen Consolidado
A1: Presupuesto total del proyecto (13 sprints / 13 meses)
A3: Rubro | B3: Costo Mensual (COP) | C3: Meses | D3: Costo Total (COP)
A4: Mano de obra (2 desarrolladores x $3.200.000) | B4: 6400000 | C4: 13 | D4: =B4*C4 -> 83200000
A5: Infraestructura tecnologica | B5: 336000 | C5: 13 | D5: =B5*C5 -> 4368000
A6: Licencias y herramientas | B6: 67000 | C6: 13 | D6: =B6*C6 -> 871000
A7: SUBTOTAL | D7: =SUM(D4:D6) -> 88439000
A8: Imprevistos (15%) | B8: 0.15 | D8: =D7*B8 -> 13265850
A9: PRESUPUESTO TOTAL DEL PROYECTO | D9: =D7+D8 -> 101704850

Sheet Costo por Sprint
A1: DESGLOSE DE COSTOS POR SPRINT
A2: Sprint | B2: Periodo | C2: Mano de Obra (COP) | D2: Infraestructura (COP) | E2: Licencias (COP) | F2: Costo por Sprint (COP)
A3: Sprint 1 | B3: 05/01/2026 - 13/02/2026 | C3: ='Resumen Consolidado'!B4 -> 6400000 | D3: ='Resumen Consolidado'!B5 -> 336000 | E3: ='Resumen Consolidado'!B6 -> 67000 | F3: =SUM(C3:E3) -> 6803000
A4: Sprint 2 | B4: 16/02/2026 - 27/03/2026 | C4: ='Resumen Consolidado'!B4 -> 6400000 | D4: ='Resumen Consolidado'!B5 -> 336000 | E4: ='Resumen Consolidado'!B6 -> 67000 | F4: =SUM(C4:E4) -> 6803000
A5: Sprint 3 | B5: 30/03/2026 - 08/05/2026 | C5: ='Resumen Consolidado'!B4 -> 6400000 | D5: ='Resumen Consolidado'!B5 -> 336000 | E5: ='Resumen Consolidado'!B6 -> 67000 | F5: =SUM(C5:E5) -> 6803000
A6: Sprint 4 | B6: 11/05/2026 - 19/06/2026 | C6: ='Resumen Consolidado'!B4 -> 6400000 | D6: ='Resumen Consolidado'!B5 -> 336000 | E6: ='Resumen Consolidado'!B6 -> 67000 | F6: =SUM(C6:E6) -> 6803000
A7: Sprint 5 | B7: 22/06/2026 - 31/07/2026 | C7: ='Resumen Consolidado'!B4 -> 6400000 | D7: ='Resumen Consolidado'!B5 -> 336000 | E7: ='Resumen Consolidado'!B6 -> 67000 | F7: =SUM(C7:E7) -> 6803000
A8: Sprint 6 | B8: 03/08/2026 - 11/09/2026 | C8: ='Resumen Consolidado'!B4 -> 6400000 | D8: ='Resumen Consolidado'!B5 -> 336000 | E8: ='Resumen Consolidado'!B6 -> 67000 | F8: =SUM(C8:E8) -> 6803000
A9: Sprint 7 | B9: 14/09/2026 - 23/10/2026 | C9: ='Resumen Consolidado'!B4 -> 6400000 | D9: ='Resumen Consolidado'!B5 -> 336000 | E9: ='Resumen Consolidado'!B6 -> 67000 | F9: =SUM(C9:E9) -> 6803000
A10: Sprint 8 | B10: 26/10/2026 - 06/11/2026 | C10: ='Resumen Consolidado'!B4 -> 6400000 | D10: ='Resumen Consolidado'!B5 -> 336000 | E10: ='Resumen Consolidado'!B6 -> 67000 | F10: =SUM(C10:E10) -> 6803000
A11: Sprint 9 | B11: 09/11/2026 - 20/11/2026 | C11: ='Resumen Consolidado'!B4 -> 6400000 | D11: ='Resumen Consolidado'!B5 -> 336000 | E11: ='Resumen Consolidado'!B6 -> 67000 | F11: =SUM(C11:E11) -> 6803000
A12: Sprint 10 | B12: 23/11/2026 - 04/12/2026 | C12: ='Resumen Consolidado'!B4 -> 6400000 | D12: ='Resumen Consolidado'!B5 -> 336000 | E12: ='Resumen Consolidado'!B6 -> 67000 | F12: =SUM(C12:E12) -> 6803000
A13: Sprint 11 | B13: 07/12/2026 - 18/12/2026 | C13: ='Resumen Consolidado'!B4 -> 6400000 | D13: ='Resumen Consolidado'!B5 -> 336000 | E13: ='Resumen Consolidado'!B6 -> 67000 | F13: =SUM(C13:E13) -> 6803000
A14: Sprint 12 | B14: 21/12/2026 - 01/01/2027 | C14: ='Resumen Consolidado'!B4 -> 6400000 | D14: ='Resumen Consolidado'!B5 -> 336000 | E14: ='Resumen Consolidado'!B6 -> 67000 | F14: =SUM(C14:E14) -> 6803000
A15: Sprint 13 | B15: 04/01/2027 - 15/01/2027 | C15: ='Resumen Consolidado'!B4 -> 6400000 | D15: ='Resumen Consolidado'!B5 -> 336000 | E15: ='Resumen Consolidado'!B6 -> 67000 | F15: =SUM(C15:E15) -> 6803000
A16: TOTAL | C16: =SUM(C3:C15) -> 83200000 | D16: =SUM(D3:D15) -> 4368000 | E16: =SUM(E3:E15) -> 871000 | F16: =SUM(F3:F15) -> 88439000

Sheet Infraestructura
A1: COSTOS DE INFRAESTRUCTURA TECNOLOGICA
A2: Duracion del proyecto: 13 meses (enero 2026 - enero 2027)
A3: Recurso | B3: Proveedor | C3: Costo Mensual (COP) | D3: Costo Total (COP)
A4: Despliegue Backend | B4: Render (Pro) | C4: 84000 | D4: =C4*13 -> 1092000
A5: Base de datos PostgreSQL | B5: Supabase / Neon | C5: 105000 | D5: =C5*13 -> 1365000
A6: Redis (colas/cache - proyeccion) | B6: Upstash | C6: 63000 | D6: =C6*13 -> 819000
A7: Monitoreo / logs | B7: Sentry | C7: 42000 | D7: =C7*13 -> 546000
A8: Almacenamiento de imagenes | B8: Cloudinary | C8: 42000 | D8: =C8*13 -> 546000
A9: TOTAL | C9: =SUM(C4:C8) -> 336000 | D9: =SUM(D4:D8) -> 4368000

Sheet Licencias
A1: COSTOS DE LICENCIAS Y HERRAMIENTAS
A3: Herramienta | B3: Plan | C3: Costo Mensual (COP) | D3: Costo Total (COP)
A4: GitHub | B4: Team (2 usuarios) | C4: 67000 | D4: =C4*13 -> 871000
A5: Azure DevOps | B5: Free (hasta 5 usuarios) | C5: 0 | D5: =C5*13 -> 0
A6: Figma | B6: Free (2 usuarios) | C6: 0 | D6: =C6*13 -> 0
A7: VS Code | B7: Open Source | C7: 0 | D7: =C7*13 -> 0
A8: Postman | B8: Free | C8: 0 | D8: =C8*13 -> 0
A9: Node.js / React / PostgreSQL | B9: Open Source | C9: 0 | D9: =C9*13 -> 0
A10: TOTAL | C10: =SUM(C4:C9) -> 67000 | D10: =SUM(D4:D9) -> 871000
